{
   "intentSubmittedTimestamp":{
      "value":1765581614030
   },
   "intentSubmittedRate":{
      "count":75,
      "m15_rate":0.0015194841293261739,
      "m1_rate":3.676619017966461E-16,
      "m5_rate":3.275437841308566E-5,
      "mean_rate":0.00685167201116867,
      "units":"events/second"
   },
   "intentInstalledTimestamp":{
      "value":1765581614042
   },
   "intentInstalledRate":{
      "count":75,
      "m15_rate":0.0015194841293261739,
      "m1_rate":3.676619017966461E-16,
      "m5_rate":3.275437841308566E-5,
      "mean_rate":0.006851671940575294,
      "units":"events/second"
   },
   "intentFailedTimestamp":{
      "value":0
   },
   "intentFailedRate":{
      "count":0,
      "m15_rate":0.0,
      "m1_rate":0.0,
      "m5_rate":0.0,
      "mean_rate":0.0,
      "units":"events/second"
   },
   "intentWithdrawRequestedTimestamp":{
      "value":1765582726062
   },
   "intentWithdrawRequestedRate":{
      "count":75,
      "m15_rate":0.005404632799995063,
      "m1_rate":9.278308086908809E-8,
      "m5_rate":0.0015851587257338434,
      "mean_rate":0.006851671856216273,
      "units":"events/second"
   },
   "intentWithdrawnTimestamp":{
      "value":1765582726072
   },
   "intentWithdrawnRate":{
      "count":75,
      "m15_rate":0.005404632799995063,
      "m1_rate":9.278308086908809E-8,
      "m5_rate":0.0015851587257338434,
      "mean_rate":0.006851671811513605,
      "units":"events/second"
   },
   "intentPurgedTimestamp":{
      "value":1765582726072
   },
   "intentPurgedRate":{
      "count":75,
      "m15_rate":0.005404632799995063,
      "m1_rate":9.278308086908809E-8,
      "m5_rate":0.0015851587257338434,
      "mean_rate":0.006851671737373039,
      "units":"events/second"
   }
}